Age,Gender,OwnHome,Married,Location,Salary,Children,History,Catalogs,AmountSpent
Young,Female,Rent,Married,Far,30100,0,Medium,12,530
Young,Female,Rent,Single,Close,11700,0,Low,12,193
Young,Female,Rent,Single,Close,14000,0,Low,12,229
Young,Female,Rent,Married,Close,76400,0,NEW,12,2216
Young,Female,Rent,Single,Close,15600,0,NEW,12,468
Young,Female,Rent,Single,Close,17300,0,Low,12,345
Young,Female,Own,Married,Close,76200,0,High,12,979
Young,Female,Own,Single,Far,31900,0,NEW,12,860
Young,Female,Own,Single,Far,16300,0,NEW,12,360
Young,Female,Rent,Married,Close,61700,0,NEW,12,1161
Young,Male,Rent,Married,Close,49800,0,Medium,12,827
Young,Male,Rent,Single,Close,18700,0,Low,12,289
Young,Male,Rent,Single,Close,21900,0,Low,12,276
Young,Male,Rent,Single,Close,15200,0,NEW,12,324
Young,Male,Rent,Single,Close,21400,0,NEW,12,414
Young,Male,Rent,Single,Close,23500,0,Low,12,371
Young,Male,Own,Single,Close,33400,0,NEW,12,567
Young,Male,Rent,Single,Close,14100,0,Low,12,328
Young,Male,Rent,Married,Close,67800,0,High,12,1084
Young,Male,Rent,Married,Far,25100,0,Medium,12,592
Young,Male,Rent,Single,Close,17400,0,NEW,12,332
Young,Male,Own,Single,Far,39600,0,NEW,12,1085
Young,Male,Rent,Single,Close,21200,0,NEW,12,417
Young,Male,Rent,Married,Far,51600,0,NEW,12,1082
Young,Male,Rent,Married,Close,36700,0,Medium,12,731
Young,Male,Rent,Married,Far,55000,0,NEW,12,1162
Young,Male,Rent,Single,Far,19000,0,NEW,12,428
Young,Male,Rent,Single,Far,25300,0,Medium,12,591
Young,Male,Rent,Single,Close,19600,0,Low,12,395
Young,Male,Rent,Single,Close,18000,0,Low,12,303
Young,Male,Rent,Single,Close,18200,0,Low,12,401
Middle,Female,Rent,Single,Close,42800,0,Medium,12,759
Middle,Female,Rent,Single,Close,46600,0,NEW,12,546
Middle,Female,Own,Single,Close,35200,0,Medium,12,607
Middle,Female,Rent,Married,Close,79500,0,High,12,1651
Middle,Female,Rent,Single,Close,43700,0,Medium,12,950
Middle,Female,Rent,Single,Close,48100,0,Medium,12,782
Middle,Female,Own,Married,Close,75600,0,NEW,12,1541
Middle,Female,Rent,Single,Far,45600,0,High,12,1322
Middle,Female,Own,Single,Close,47900,0,NEW,12,1090
Middle,Female,Own,Single,Close,68400,0,High,12,1304
Middle,Female,Own,Single,Close,48400,0,Medium,12,992
Middle,Female,Rent,Single,Close,42700,0,Medium,12,827
Middle,Female,Own,Single,Close,53800,0,Medium,12,843
Middle,Male,Own,Married,Close,66900,0,High,12,1220
Middle,Male,Own,Single,Far,53900,0,NEW,12,1186
Middle,Male,Own,Married,Close,106400,0,NEW,12,1757
Middle,Male,Own,Married,Close,111400,0,High,12,2136
Middle,Male,Own,Single,Close,60200,0,Medium,12,1365
Middle,Male,Rent,Single,Close,41200,0,Medium,12,841
Middle,Male,Own,Single,Close,55600,0,NEW,12,952
Middle,Male,Own,Married,Far,122100,0,High,12,2408
Middle,Male,Own,Single,Close,58400,0,Medium,12,829
Middle,Male,Rent,Single,Close,50500,0,Medium,12,1029
Middle,Male,Rent,Single,Close,72000,0,High,12,1475
Middle,Male,Own,Married,Close,77000,0,High,12,2104
Middle,Male,Own,Married,Close,97100,0,NEW,12,1473
Middle,Male,Rent,Single,Far,67700,0,High,12,2226
Middle,Male,Own,Single,Far,60200,0,High,12,1955
Middle,Male,Rent,Single,Close,45900,0,Medium,12,716
Middle,Male,Own,Married,Far,113800,0,NEW,12,3273
Middle,Male,Own,Single,Close,55900,0,Medium,12,964
Middle,Male,Own,Single,Far,70200,0,High,12,1702
Middle,Male,Rent,Married,Close,118800,0,High,12,2631
Middle,Male,Rent,Single,Close,52100,0,NEW,12,1668
Middle,Male,Rent,Single,Far,53800,0,High,12,1803
Middle,Male,Own,Married,Close,98400,0,High,12,1414
Middle,Male,Own,Single,Close,74400,0,High,12,1152
Middle,Male,Own,Married,Close,127000,0,NEW,12,1821
Middle,Male,Rent,Single,Close,43800,0,Medium,12,606
Middle,Male,Rent,Single,Close,53900,0,Medium,12,1060
Middle,Male,Rent,Single,Far,65400,0,High,12,2296
Middle,Male,Own,Married,Close,97200,0,NEW,12,1634
Middle,Male,Own,Married,Far,140000,0,High,12,4894
Middle,Male,Own,Married,Close,96600,0,NEW,12,1437
Middle,Male,Own,Married,Far,81200,0,High,12,2693
Old,Female,Rent,Single,Close,28900,0,Low,12,830
Old,Female,Own,Single,Close,36100,0,Medium,12,438
Old,Female,Own,Single,Far,22000,0,Medium,12,736
Old,Female,Own,Single,Close,12800,0,NEW,12,230
Old,Female,Own,Married,Close,74900,0,High,12,1474
Old,Female,Rent,Married,Close,39500,0,Medium,12,1006
Old,Female,Own,Single,Close,35200,0,NEW,12,827
Old,Female,Own,Married,Close,112800,0,High,12,1861
Old,Female,Own,Married,Close,43600,0,Medium,12,1047
Old,Female,Rent,Single,Close,33600,0,Medium,12,573
Old,Female,Own,Married,Far,79300,0,NEW,12,2047
Old,Female,Own,Single,Close,35900,0,NEW,12,962
Old,Female,Own,Married,Close,49200,0,Medium,12,1078
Old,Female,Rent,Single,Far,22600,0,NEW,12,865
Old,Female,Rent,Married,Close,50500,0,Medium,12,642
Old,Female,Own,Married,Close,74700,0,High,12,1699
Old,Female,Own,Married,Far,22800,0,NEW,12,452
Old,Female,Rent,Single,Close,14900,0,NEW,12,275
Old,Female,Rent,Married,Close,65900,0,High,12,777
Old,Female,Own,Married,Far,57900,0,High,12,1693
Old,Female,Own,Married,Close,96200,0,High,12,1457
Old,Female,Own,Single,Close,43300,0,NEW,12,1584
Old,Female,Own,Married,Far,40100,0,Medium,12,1384
Old,Female,Own,Married,Close,110700,0,High,12,2458
Old,Female,Own,Married,Far,74900,0,NEW,12,1804
Old,Female,Own,Single,Close,51900,0,Medium,12,1148
Old,Female,Own,Married,Close,89000,0,High,12,1487
Old,Female,Rent,Married,Close,39700,0,Medium,12,573
Old,Female,Rent,Single,Close,29200,0,Low,12,556
Old,Female,Own,Single,Close,39600,0,Medium,12,610
Old,Female,Own,Married,Close,51000,0,Medium,12,1025
Old,Female,Own,Married,Far,100100,0,High,12,3104
Old,Female,Rent,Single,Far,15000,0,Low,12,378
Old,Female,Rent,Single,Far,14000,0,Low,12,410
Old,Male,Own,Married,Close,26800,0,Low,12,435
Old,Male,Own,Married,Close,51200,0,Medium,12,1293
Old,Male,Own,Married,Close,73300,0,NEW,12,1694
Old,Male,Own,Married,Close,108900,0,High,12,1841
Old,Male,Own,Single,Close,59300,0,Medium,12,929
Old,Male,Own,Married,Close,107400,0,High,12,1485
Old,Male,Own,Married,Far,33000,0,Medium,12,979
Old,Male,Own,Married,Close,84500,0,NEW,12,1557
Old,Male,Rent,Single,Close,42800,0,Medium,12,922
Old,Male,Own,Married,Far,37000,0,Medium,12,850
Old,Male,Own,Married,Close,85300,0,NEW,12,2523
Old,Male,Own,Married,Close,106600,0,High,12,1877
Old,Male,Own,Married,Close,66300,0,High,12,1088
Old,Male,Own,Single,Close,69100,0,High,12,1477
Old,Male,Rent,Married,Far,23800,0,NEW,12,428
Old,Male,Rent,Married,Close,71800,0,High,12,1389
Old,Male,Rent,Married,Close,34500,0,Medium,12,802
Old,Male,Own,Single,Close,62200,0,NEW,12,1583
Young,Female,Rent,Single,Close,15900,0,NEW,18,406
Young,Female,Rent,Married,Close,60100,0,NEW,18,1594
Young,Female,Rent,Single,Close,17000,0,Low,18,659
Young,Female,Rent,Single,Close,15900,0,Low,18,503
Young,Female,Rent,Single,Far,13200,0,NEW,18,512
Young,Female,Own,Single,Far,27900,0,Medium,18,1184
Young,Female,Rent,Single,Close,13500,0,Low,18,296
Young,Female,Rent,Single,Close,13100,0,NEW,18,314
Young,Female,Rent,Married,Close,13800,0,Low,18,363
Young,Male,Rent,Single,Close,13400,0,Low,18,424
Young,Male,Own,Married,Close,58900,0,NEW,18,1215
Young,Male,Rent,Single,Close,17000,0,NEW,18,581
Young,Male,Rent,Married,Close,36900,0,Medium,18,721
Young,Male,Rent,Married,Close,39700,0,Medium,18,1011
Young,Male,Rent,Single,Far,20400,0,Medium,18,867
Young,Male,Rent,Single,Close,29200,0,Low,18,737
Young,Male,Rent,Married,Close,66700,0,NEW,18,1310
Young,Male,Rent,Single,Far,17700,0,Low,18,742
Young,Male,Rent,Single,Far,25700,0,Medium,18,907
Young,Male,Rent,Single,Close,17900,0,NEW,18,395
Young,Male,Rent,Single,Close,10400,0,NEW,18,189
Young,Male,Own,Married,Close,55100,0,Medium,18,1439
Young,Male,Rent,Single,Far,17500,0,Low,18,472
Young,Male,Own,Single,Close,41400,0,Medium,18,643
Young,Male,Rent,Single,Close,17800,0,Low,18,292
Middle,Female,Rent,Single,Close,34700,0,NEW,18,1615
Middle,Female,Own,Single,Far,55200,0,High,18,1714
Middle,Female,Own,Married,Close,82000,0,High,18,1800
Middle,Female,Own,Single,Close,72200,0,NEW,18,3278
Middle,Female,Rent,Married,Far,72900,0,High,18,2075
Middle,Female,Rent,Single,Close,44600,0,Medium,18,966
Middle,Female,Own,Single,Far,56200,0,High,18,1546
Middle,Female,Own,Married,Far,87200,0,High,18,3604
Middle,Female,Rent,Single,Close,35300,0,NEW,18,1369
Middle,Female,Rent,Single,Close,42200,0,NEW,18,1753
Middle,Female,Own,Single,Close,51200,0,Medium,18,1257
Middle,Female,Own,Married,Close,71900,0,High,18,1846
Middle,Female,Own,Married,Close,86900,0,High,18,2230
Middle,Female,Own,Married,Far,109800,0,High,18,4279
Middle,Male,Own,Single,Close,59400,0,Medium,18,1699
Middle,Male,Own,Married,Far,75500,0,NEW,18,2450
Middle,Male,Rent,Single,Close,54200,0,NEW,18,1405
Middle,Male,Own,Single,Close,68400,0,High,18,1155
Middle,Male,Own,Single,Close,66600,0,High,18,1177
Middle,Male,Rent,Single,Close,45600,0,Medium,18,1388
Middle,Male,Own,Married,Close,87200,0,High,18,1274
Middle,Male,Rent,Single,Far,51900,0,High,18,1492
Middle,Male,Own,Married,Far,130600,0,High,18,3442
Middle,Male,Own,Single,Far,55600,0,High,18,1786
Middle,Male,Own,Single,Close,48100,0,Medium,18,1640
Middle,Male,Rent,Single,Far,40200,0,High,18,1634
Middle,Male,Own,Married,Close,97500,0,High,18,2837
Middle,Male,Own,Married,Close,54700,0,Medium,18,848
Middle,Male,Own,Single,Close,67900,0,High,18,1418
Middle,Male,Own,Married,Close,90100,0,High,18,1956
Middle,Male,Own,Single,Close,61600,0,NEW,18,1666
Middle,Male,Rent,Single,Close,43700,0,NEW,18,1344
Middle,Male,Rent,Single,Close,52400,0,NEW,18,857
Middle,Male,Rent,Single,Close,47200,0,Medium,18,1587
Middle,Male,Own,Married,Close,82400,0,High,18,1779
Middle,Male,Rent,Married,Far,63000,0,High,18,2107
Middle,Male,Rent,Single,Close,53300,0,Medium,18,1720
Middle,Male,Own,Married,Far,98900,0,NEW,18,3126
Middle,Male,Rent,Married,Close,79500,0,High,18,1763
Middle,Male,Own,Single,Close,64200,0,High,18,1642
Middle,Male,Own,Married,Close,98500,0,High,18,2034
Middle,Male,Rent,Single,Far,49000,0,High,18,1523
Middle,Male,Own,Married,Close,98400,0,High,18,3305
Middle,Male,Own,Married,Close,102600,0,High,18,2546
Old,Female,Own,Married,Close,74400,0,High,18,2479
Old,Female,Own,Married,Close,21500,0,Low,18,445
Old,Female,Own,Single,Close,30300,0,Low,18,1062
Old,Female,Own,Single,Close,58200,0,Medium,18,981
Old,Female,Rent,Married,Close,84800,0,High,18,2624
Old,Female,Rent,Married,Far,88400,0,High,18,3632
Old,Female,Own,Married,Far,84100,0,High,18,2710
Old,Female,Rent,Single,Far,11700,0,Low,18,540
Old,Female,Own,Married,Far,70400,0,High,18,2610
Old,Female,Own,Married,Close,41600,0,NEW,18,982
Old,Female,Rent,Married,Close,68600,0,High,18,1342
Old,Female,Own,Married,Far,37500,0,Medium,18,1578
Old,Female,Own,Married,Close,69400,0,High,18,2419
Old,Female,Own,Married,Close,111500,0,High,18,2510
Old,Female,Own,Married,Close,114800,0,High,18,3596
Old,Female,Own,Married,Far,78800,0,High,18,3398
Old,Female,Own,Single,Close,25500,0,Low,18,636
Old,Female,Rent,Married,Far,60200,0,High,18,2328
Old,Female,Own,Married,Close,61000,0,NEW,18,1850
Old,Female,Rent,Married,Far,81500,0,High,18,3655
Old,Female,Own,Single,Close,30900,0,Medium,18,862
Old,Female,Rent,Married,Close,41700,0,Medium,18,1398
Old,Female,Rent,Single,Close,21400,0,Low,18,498
Old,Female,Own,Married,Close,118800,0,High,18,2176
Old,Female,Own,Married,Close,83700,0,High,18,1582
Old,Female,Rent,Married,Far,64600,0,High,18,2206
Old,Female,Own,Married,Close,77600,0,High,18,2004
Old,Female,Own,Married,Far,78900,0,High,18,2233
Old,Female,Own,Married,Close,62800,0,High,18,1403
Old,Female,Own,Married,Close,25900,0,Low,18,582
Old,Male,Own,Single,Close,65300,0,High,18,1443
Old,Male,Own,Single,Close,45700,0,Medium,18,724
Old,Male,Own,Married,Close,124900,0,High,18,4109
Old,Male,Own,Married,Close,55500,0,Medium,18,858
Old,Male,Own,Married,Far,52000,0,High,18,2545
Old,Male,Own,Married,Close,74800,0,High,18,1968
Old,Male,Rent,Married,Far,66300,0,NEW,18,2243
Old,Male,Own,Single,Close,71300,0,High,18,1543
Old,Male,Own,Married,Close,102700,0,NEW,18,2381
Old,Male,Rent,Single,Close,44400,0,Medium,18,886
Old,Male,Own,Married,Far,80700,0,NEW,18,3034
Old,Male,Rent,Married,Close,90200,0,High,18,2183
Old,Male,Own,Married,Close,77300,0,High,18,1853
Old,Male,Own,Married,Far,74500,0,NEW,18,1413
Old,Male,Own,Married,Far,59700,0,High,18,1857
Young,Female,Rent,Single,Close,12000,0,Low,24,344
Young,Female,Rent,Single,Far,28900,0,Medium,24,905
Young,Female,Rent,Married,Far,53700,0,High,24,2491
Young,Female,Rent,Married,Close,63200,0,High,24,1512
Young,Female,Own,Married,Far,68000,0,High,24,3688
Young,Female,Rent,Single,Far,13200,0,NEW,24,358
Young,Male,Rent,Married,Far,41600,0,High,24,1690
Young,Male,Rent,Married,Close,36500,0,Medium,24,1140
Young,Male,Rent,Single,Far,10900,0,Low,24,407
Young,Male,Rent,Single,Far,19500,0,NEW,24,571
Young,Male,Rent,Single,Far,15300,0,Low,24,645
Young,Male,Rent,Single,Far,13900,0,NEW,24,570
Young,Male,Rent,Married,Close,41500,0,NEW,24,1213
Young,Male,Own,Single,Close,20900,0,Low,24,550
Young,Male,Own,Married,Close,62200,0,High,24,1348
Young,Male,Rent,Married,Close,56300,0,NEW,24,1608
Young,Male,Rent,Single,Close,21000,0,Low,24,646
Young,Male,Rent,Married,Close,49300,0,NEW,24,1692
Young,Male,Own,Single,Close,23200,0,NEW,24,534
Young,Male,Rent,Single,Close,14400,0,NEW,24,615
Young,Male,Rent,Single,Close,21300,0,Low,24,677
Young,Male,Rent,Single,Close,10200,0,NEW,24,362
Middle,Female,Own,Single,Close,51300,0,Medium,24,1424
Middle,Female,Own,Married,Close,88200,0,NEW,24,2749
Middle,Female,Rent,Married,Close,53300,0,Medium,24,1598
Middle,Female,Own,Married,Far,80600,0,High,24,2840
Middle,Female,Rent,Married,Close,95900,0,NEW,24,3168
Middle,Female,Rent,Single,Close,46600,0,Medium,24,906
Middle,Female,Own,Married,Far,99200,0,High,24,5503
Middle,Female,Rent,Married,Close,46700,0,Medium,24,983
Middle,Female,Own,Married,Close,97900,0,High,24,2149
Middle,Female,Own,Married,Close,35300,0,Medium,24,1093
Middle,Female,Own,Married,Far,44200,0,High,24,2524
Middle,Female,Rent,Married,Close,48600,0,Medium,24,1583
Middle,Female,Rent,Single,Far,38200,0,Medium,24,1476
Middle,Female,Rent,Married,Close,72100,0,High,24,3052
Middle,Female,Own,Single,Close,43100,0,NEW,24,1444
Middle,Male,Own,Single,Close,60300,0,NEW,24,2091
Middle,Male,Own,Married,Far,73800,0,High,24,3120
Middle,Male,Own,Married,Close,87000,0,High,24,1594
Middle,Male,Own,Single,Close,63200,0,High,24,1932
Middle,Male,Rent,Single,Close,63000,0,High,24,1910
Middle,Male,Rent,Single,Close,61800,0,High,24,1156
Middle,Male,Rent,Single,Close,57800,0,Medium,24,1149
Middle,Male,Own,Married,Close,83700,0,High,24,3344
Middle,Male,Rent,Single,Close,44500,0,Medium,24,1175
Middle,Male,Own,Married,Close,85600,0,High,24,3380
Middle,Male,Rent,Single,Close,54700,0,Medium,24,1355
Middle,Male,Own,Single,Far,75400,0,High,24,2723
Middle,Male,Rent,Single,Far,56900,0,High,24,1857
Middle,Male,Own,Married,Far,72500,0,NEW,24,2595
Middle,Male,Own,Single,Close,60300,0,High,24,1263
Middle,Male,Rent,Single,Far,51100,0,High,24,1984
Middle,Male,Own,Single,Far,49700,0,High,24,2844
Middle,Male,Own,Single,Close,73200,0,High,24,2177
Middle,Male,Own,Married,Close,81200,0,High,24,1856
Middle,Male,Own,Married,Close,104100,0,High,24,2636
Middle,Male,Own,Married,Close,72200,0,High,24,2492
Middle,Male,Own,Married,Close,90300,0,High,24,1944
Middle,Male,Own,Married,Close,102300,0,High,24,2438
Middle,Male,Rent,Single,Far,60200,0,High,24,2304
Middle,Male,Rent,Married,Close,68700,0,High,24,2763
Middle,Male,Own,Married,Far,89500,0,High,24,5209
Middle,Male,Own,Married,Close,70000,0,High,24,1974
Middle,Male,Own,Single,Close,62900,0,NEW,24,2561
Middle,Male,Rent,Single,Close,43200,0,NEW,24,917
Middle,Male,Rent,Single,Far,59000,0,High,24,3044
Middle,Male,Own,Married,Close,83900,0,High,24,1721
Middle,Male,Rent,Single,Far,52200,0,High,24,1909
Middle,Male,Own,Married,Close,84200,0,High,24,1654
Middle,Male,Rent,Single,Close,42300,0,Medium,24,1051
Middle,Male,Own,Married,Close,96500,0,High,24,3780
Middle,Male,Own,Single,Far,72300,0,High,24,4182
Old,Female,Own,Single,Far,28300,0,Medium,24,933
Old,Female,Own,Married,Far,110000,0,High,24,5564
Old,Female,Own,Married,Far,128700,0,High,24,3995
Old,Female,Own,Married,Close,54700,0,Medium,24,1404
Old,Female,Rent,Married,Far,52500,0,High,24,2038
Old,Female,Rent,Single,Close,42500,0,Medium,24,918
Old,Female,Own,Married,Close,82800,0,High,24,3010
Old,Female,Own,Single,Close,32500,0,Medium,24,883
Old,Female,Rent,Single,Far,20400,0,NEW,24,513
Old,Female,Rent,Single,Close,20100,0,Low,24,576
Old,Female,Rent,Married,Far,72200,0,High,24,3069
Old,Female,Own,Single,Close,33200,0,Medium,24,1037
Old,Female,Own,Single,Far,32700,0,Medium,24,1252
Old,Female,Own,Married,Far,91800,0,NEW,24,2452
Old,Female,Own,Single,Close,28500,0,Low,24,621
Old,Female,Own,Married,Far,67900,0,High,24,2925
Old,Female,Own,Married,Close,22400,0,NEW,24,947
Old,Female,Own,Married,Close,65900,0,High,24,1436
Old,Female,Own,Married,Close,70700,0,High,24,2150
Old,Female,Own,Married,Close,103300,0,High,24,3378
Old,Female,Own,Single,Close,14600,0,Low,24,468
Old,Female,Rent,Married,Close,97000,0,NEW,24,2599
Old,Female,Own,Married,Far,81400,0,High,24,3001
Old,Female,Own,Single,Far,42600,0,High,24,1790
Old,Female,Rent,Married,Close,70900,0,High,24,1685
Old,Female,Own,Married,Close,26700,0,Low,24,1120
Old,Female,Rent,Married,Close,71800,0,High,24,1946
Old,Female,Rent,Single,Close,11000,0,NEW,24,195
Old,Male,Own,Married,Far,62300,0,High,24,2644
Old,Male,Own,Married,Close,45900,0,Medium,24,1645
Old,Male,Own,Married,Far,41300,0,High,24,1985
Old,Male,Own,Married,Close,95900,0,High,24,2585
Old,Male,Rent,Married,Far,66200,0,High,24,2057
Old,Male,Own,Single,Close,44800,0,Medium,24,1417
Old,Male,Own,Married,Close,123000,0,High,24,3671
Old,Male,Own,Married,Close,84300,0,High,24,2842
Old,Male,Own,Married,Far,54600,0,High,24,2163
Old,Male,Own,Single,Close,58700,0,NEW,24,1479
Old,Male,Own,Married,Close,58300,0,Medium,24,1472
Old,Male,Rent,Married,Close,69800,0,High,24,2764
Old,Male,Own,Married,Far,112900,0,High,24,6217
Old,Male,Rent,Single,Close,34500,0,Medium,24,639
Old,Male,Own,Single,Close,63200,0,High,24,1507
Old,Male,Own,Married,Close,90600,0,High,24,3167
Old,Male,Own,Married,Close,54600,0,Medium,24,1246
Old,Male,Own,Married,Far,65500,0,High,24,1931
Old,Male,Own,Single,Far,62000,0,High,24,3293
Old,Male,Own,Married,Close,56600,0,NEW,24,1607
Old,Male,Own,Married,Close,134500,0,High,24,4558
Old,Male,Own,Single,Close,38700,0,NEW,24,1506
Old,Male,Own,Married,Far,86500,0,High,24,2690
Young,Female,Rent,Married,Close,36600,0,Medium,6,833
Young,Female,Rent,Single,Far,12600,0,Low,6,241
Young,Female,Rent,Married,Close,79400,0,NEW,6,1175
Young,Female,Rent,Single,Far,16100,0,NEW,6,202
Young,Female,Rent,Married,Far,51900,0,NEW,6,780
Young,Female,Rent,Single,Close,14200,0,NEW,6,192
Young,Female,Rent,Married,Close,42300,0,NEW,6,856
Young,Female,Own,Single,Close,15100,0,Low,6,274
Young,Female,Rent,Single,Far,12000,0,Low,6,264
Young,Female,Own,Married,Far,33700,0,NEW,6,614
Young,Female,Rent,Single,Close,12000,0,Low,6,140
Young,Female,Rent,Married,Close,40000,0,NEW,6,613
Young,Female,Rent,Single,Far,17300,0,Low,6,411
Young,Female,Rent,Married,Close,47300,0,NEW,6,640
Young,Female,Own,Married,Far,70900,0,NEW,6,690
Young,Male,Rent,Single,Close,11200,0,NEW,6,106
Young,Male,Rent,Single,Close,25800,0,NEW,6,451
Young,Male,Rent,Single,Far,20800,0,NEW,6,260
Young,Male,Rent,Single,Close,25000,0,Low,6,264
Young,Male,Own,Married,Close,30400,0,Low,6,495
Young,Male,Rent,Single,Close,15400,0,Low,6,172
Young,Male,Rent,Single,Close,19100,0,NEW,6,176
Young,Male,Rent,Single,Close,17600,0,NEW,6,273
Young,Male,Rent,Single,Close,14200,0,Low,6,250
Young,Male,Own,Single,Close,31900,0,Medium,6,616
Young,Male,Rent,Married,Close,36600,0,NEW,6,587
Young,Male,Rent,Single,Far,19400,0,Low,6,563
Young,Male,Rent,Single,Close,20900,0,NEW,6,296
Young,Male,Rent,Married,Close,45800,0,Medium,6,489
Young,Male,Rent,Married,Close,45500,0,Medium,6,754
Young,Male,Rent,Single,Close,17600,0,NEW,6,245
Young,Male,Own,Married,Close,73000,0,NEW,6,1534
Middle,Female,Rent,Single,Close,47000,0,NEW,6,963
Middle,Female,Own,Single,Far,47500,0,High,6,847
Middle,Female,Rent,Married,Close,68800,0,NEW,6,1658
Middle,Male,Own,Married,Far,74400,0,High,6,1893
Middle,Male,Own,Married,Close,96100,0,High,6,1588
Middle,Male,Own,Single,Far,71500,0,NEW,6,964
Middle,Male,Rent,Single,Close,55600,0,Medium,6,984
Middle,Male,Own,Single,Close,82800,0,NEW,6,1544
Middle,Male,Own,Single,Close,63700,0,NEW,6,1351
Middle,Male,Own,Married,Close,70200,0,NEW,6,1583
Middle,Male,Own,Married,Close,82500,0,High,6,859
Middle,Male,Rent,Single,Close,39000,0,NEW,6,643
Middle,Male,Own,Married,Close,74500,0,High,6,1481
Middle,Male,Rent,Single,Close,54400,0,Medium,6,1150
Middle,Male,Own,Married,Close,42700,0,Medium,6,541
Middle,Male,Rent,Single,Close,60300,0,High,6,701
Middle,Male,Own,Single,Close,45800,0,NEW,6,712
Middle,Male,Own,Married,Close,77700,0,NEW,6,983
Middle,Male,Rent,Single,Close,63600,0,High,6,1318
Middle,Male,Own,Married,Close,96900,0,High,6,1159
Middle,Male,Rent,Single,Close,70000,0,High,6,785
Middle,Male,Rent,Single,Close,49100,0,NEW,6,934
Middle,Male,Own,Married,Close,76100,0,NEW,6,719
Middle,Male,Own,Married,Close,117900,0,High,6,1760
Middle,Male,Own,Single,Close,64300,0,NEW,6,1325
Old,Female,Own,Married,Far,80000,0,High,6,1985
Old,Female,Own,Single,Close,39900,0,NEW,6,619
Old,Female,Rent,Married,Close,38200,0,Medium,6,526
Old,Female,Rent,Single,Far,15100,0,Low,6,348
Old,Female,Own,Single,Close,17300,0,Low,6,166
Old,Female,Own,Single,Close,23800,0,Low,6,438
Old,Female,Own,Single,Close,37300,0,Medium,6,673
Old,Female,Own,Married,Close,72900,0,High,6,753
Old,Female,Own,Married,Close,62600,0,High,6,565
Old,Female,Own,Single,Close,20600,0,Low,6,201
Old,Female,Own,Single,Far,47500,0,High,6,755
Old,Female,Rent,Single,Far,17900,0,Low,6,446
Old,Female,Own,Married,Close,42800,0,Medium,6,685
Old,Female,Own,Single,Close,17600,0,Low,6,224
Old,Female,Own,Married,Close,35000,0,Medium,6,473
Old,Female,Rent,Married,Close,46900,0,Medium,6,703
Old,Female,Own,Single,Far,16300,0,Low,6,317
Old,Female,Own,Married,Close,90500,0,High,6,863
Old,Female,Rent,Single,Far,19700,0,Low,6,535
Old,Female,Rent,Single,Far,13900,0,Low,6,191
Old,Female,Own,Single,Close,24400,0,Low,6,491
Old,Female,Own,Single,Close,64600,0,NEW,6,1298
Old,Female,Own,Single,Close,22800,0,Low,6,258
Old,Female,Own,Single,Close,11400,0,NEW,6,258
Old,Female,Rent,Single,Close,21200,0,Low,6,242
Old,Male,Own,Married,Far,15400,0,Low,6,297
Old,Male,Rent,Single,Close,56300,0,Medium,6,873
Old,Male,Own,Married,Close,23400,0,Low,6,348
Old,Male,Own,Married,Close,73100,0,High,6,1582
Old,Male,Rent,Married,Close,60000,0,Medium,6,966
Old,Male,Rent,Single,Close,29000,0,Low,6,482
Old,Male,Rent,Married,Far,66200,0,NEW,6,1024
Old,Male,Rent,Married,Close,81800,0,High,6,919
Old,Male,Own,Single,Close,51400,0,NEW,6,694
Old,Male,Own,Single,Far,61000,0,High,6,975
Old,Male,Own,Married,Close,168800,0,High,6,1512
Old,Male,Rent,Married,Close,49600,0,Medium,6,770
Old,Male,Own,Married,Close,75500,0,High,6,741
Old,Male,Own,Single,Close,41900,0,Medium,6,654
Young,Female,Rent,Single,Close,16400,1,Low,12,218
Young,Female,Rent,Single,Close,12400,1,NEW,12,229
Young,Female,Rent,Single,Close,13400,1,Low,12,143
Young,Female,Rent,Single,Close,13200,1,Low,12,227
Young,Female,Own,Single,Close,20300,1,Low,12,304
Young,Female,Rent,Single,Close,17200,1,NEW,12,329
Young,Female,Rent,Single,Far,12500,1,NEW,12,422
Young,Female,Rent,Single,Close,22000,1,Low,12,472
Young,Female,Rent,Single,Close,21900,1,NEW,12,576
Young,Female,Rent,Single,Close,20100,1,Low,12,271
Young,Female,Own,Single,Far,27900,1,NEW,12,576
Young,Female,Rent,Single,Far,18400,1,Low,12,662
Young,Female,Rent,Single,Far,20700,1,Low,12,550
Young,Female,Rent,Married,Far,47200,1,Medium,12,1272
Young,Female,Rent,Single,Close,26700,1,NEW,12,459
Young,Female,Rent,Single,Close,16300,1,NEW,12,470
Young,Female,Own,Single,Far,41000,1,Medium,12,768
Young,Male,Rent,Married,Close,52600,1,Medium,12,1052
Young,Male,Rent,Single,Close,27100,1,Low,12,268
Young,Male,Rent,Single,Close,31600,1,NEW,12,476
Young,Male,Rent,Single,Close,21300,1,NEW,12,329
Young,Male,Rent,Single,Close,17700,1,Low,12,268
Young,Male,Rent,Married,Close,43700,1,NEW,12,927
Young,Male,Rent,Single,Far,13800,1,Low,12,368
Young,Male,Rent,Single,Far,14800,1,NEW,12,376
Young,Male,Rent,Single,Far,22900,1,NEW,12,814
Young,Male,Rent,Married,Far,43500,1,Medium,12,808
Young,Male,Rent,Married,Close,69700,1,Medium,12,1432
Young,Male,Rent,Single,Far,14900,1,NEW,12,422
Middle,Female,Own,Married,Close,82200,1,NEW,12,1517
Middle,Female,Own,Single,Close,47600,1,Medium,12,801
Middle,Female,Own,Married,Close,84800,1,NEW,12,1826
Middle,Female,Rent,Single,Close,26200,1,Low,12,381
Middle,Female,Own,Married,Far,83100,1,NEW,12,2766
Middle,Female,Own,Married,Close,70900,1,Medium,12,794
Middle,Female,Own,Single,Close,60200,1,NEW,12,1748
Middle,Female,Own,Single,Close,45100,1,Medium,12,448
Middle,Female,Rent,Single,Close,39900,1,Low,12,586
Middle,Female,Own,Single,Close,49600,1,Medium,12,844
Middle,Female,Own,Single,Close,65800,1,Medium,12,869
Middle,Female,Rent,Single,Close,50500,1,Medium,12,940
Middle,Female,Own,Single,Close,43500,1,Medium,12,500
Middle,Female,Rent,Single,Close,40200,1,NEW,12,881
Middle,Female,Rent,Married,Far,75800,1,High,12,1830
Middle,Female,Own,Married,Close,108100,1,High,12,1133
Middle,Female,Own,Married,Far,118300,1,High,12,2502
Middle,Female,Own,Married,Close,86400,1,High,12,1713
Middle,Female,Rent,Married,Close,79900,1,Medium,12,1041
Middle,Female,Own,Married,Close,97500,1,High,12,1280
Middle,Female,Own,Married,Close,111900,1,NEW,12,2340
Middle,Female,Own,Single,Close,48700,1,NEW,12,1457
Middle,Female,Own,Married,Close,123600,1,NEW,12,1892
Middle,Male,Own,Married,Close,97300,1,NEW,12,3048
Middle,Male,Own,Single,Far,65400,1,High,12,2290
Middle,Male,Own,Single,Close,73700,1,Medium,12,1274
Middle,Male,Rent,Married,Close,117700,1,High,12,2104
Middle,Male,Rent,Single,Far,45100,1,Medium,12,794
Middle,Male,Rent,Single,Close,43100,1,NEW,12,1224
Middle,Male,Own,Married,Close,53700,1,NEW,12,1081
Middle,Male,Own,Married,Close,109600,1,High,12,2318
Middle,Male,Own,Married,Close,96900,1,High,12,1420
Middle,Male,Rent,Single,Close,55900,1,Medium,12,909
Middle,Male,Own,Married,Close,96300,1,High,12,1081
Middle,Male,Rent,Single,Close,47000,1,Medium,12,584
Middle,Male,Own,Single,Far,39100,1,Medium,12,1001
Middle,Male,Own,Married,Close,99300,1,High,12,1504
Middle,Male,Own,Married,Far,86100,1,NEW,12,1255
Middle,Male,Own,Married,Close,102400,1,NEW,12,2466
Middle,Male,Own,Married,Close,65800,1,NEW,12,1017
Middle,Male,Own,Married,Close,71600,1,NEW,12,1198
Middle,Male,Rent,Married,Far,72200,1,High,12,2082
Middle,Male,Own,Married,Close,118600,1,NEW,12,1553
Middle,Male,Rent,Married,Far,97600,1,NEW,12,2902
Middle,Male,Own,Married,Close,65900,1,Medium,12,1081
Old,Female,Own,Married,Close,52200,1,Medium,12,669
Old,Male,Own,Married,Close,71200,1,Medium,12,638
Old,Male,Rent,Single,Close,32400,1,Low,12,515
Old,Male,Own,Single,Close,53400,1,Medium,12,886
Young,Female,Rent,Married,Close,36500,1,NEW,18,747
Young,Female,Rent,Married,Close,61000,1,NEW,18,1611
Young,Female,Rent,Married,Close,40900,1,Medium,18,962
Young,Female,Rent,Single,Close,14300,1,NEW,18,458
Young,Female,Rent,Single,Close,19400,1,NEW,18,384
Young,Female,Rent,Married,Close,36900,1,NEW,18,1480
Young,Female,Rent,Single,Far,17300,1,Low,18,381
Young,Female,Own,Married,Close,42400,1,NEW,18,1166
Young,Female,Rent,Single,Close,19100,1,Low,18,403
Young,Female,Rent,Single,Far,13600,1,NEW,18,349
Young,Female,Rent,Married,Far,32700,1,NEW,18,1276
Young,Female,Rent,Single,Close,14400,1,Low,18,223
Young,Male,Rent,Single,Far,17800,1,NEW,18,589
Young,Male,Rent,Single,Close,21700,1,NEW,18,774
Young,Male,Rent,Married,Far,46300,1,Medium,18,1357
Young,Male,Rent,Married,Close,54500,1,Medium,18,1001
Middle,Female,Own,Single,Close,41300,1,NEW,18,932
Middle,Female,Rent,Married,Close,63500,1,Medium,18,1023
Middle,Female,Rent,Married,Close,118300,1,NEW,18,2681
Middle,Female,Own,Married,Close,72600,1,NEW,18,1999
Middle,Female,Own,Married,Close,64100,1,Medium,18,1332
Middle,Female,Own,Single,Close,43300,1,NEW,18,1021
Middle,Female,Rent,Married,Far,67300,1,High,18,1513
Middle,Female,Own,Married,Far,90400,1,High,18,2924
Middle,Female,Rent,Married,Far,53900,1,High,18,2177
Middle,Female,Own,Married,Far,52300,1,High,18,2034
Middle,Female,Own,Married,Close,80800,1,NEW,18,1598
Middle,Female,Rent,Single,Far,44100,1,Medium,18,1659
Middle,Female,Own,Married,Close,82700,1,High,18,1753
Middle,Female,Own,Married,Far,88600,1,High,18,2563
Middle,Female,Rent,Single,Far,45500,1,NEW,18,1624
Middle,Female,Rent,Married,Close,93500,1,High,18,1426
Middle,Female,Rent,Married,Far,60100,1,High,18,1430
Middle,Female,Rent,Married,Close,79900,1,Medium,18,1165
Middle,Female,Own,Married,Close,96500,1,High,18,1364
Middle,Female,Own,Single,Far,55600,1,High,18,1553
Middle,Male,Rent,Married,Close,94200,1,High,18,1211
Middle,Male,Rent,Single,Far,52600,1,NEW,18,1773
Middle,Male,Own,Married,Far,79000,1,High,18,2279
Middle,Male,Own,Single,Close,76800,1,Medium,18,1061
Middle,Male,Own,Married,Close,69900,1,NEW,18,2101
Middle,Male,Rent,Single,Far,40500,1,NEW,18,1073
Middle,Male,Own,Married,Close,67600,1,Medium,18,1172
Middle,Male,Rent,Single,Close,45200,1,Medium,18,699
Middle,Male,Own,Single,Close,59700,1,NEW,18,1422
Middle,Male,Own,Single,Far,45000,1,NEW,18,902
Middle,Male,Own,Married,Close,105300,1,NEW,18,3505
Middle,Male,Own,Married,Close,122700,1,NEW,18,4984
Middle,Male,Own,Married,Close,85600,1,High,18,2436
Middle,Male,Rent,Single,Far,38700,1,Medium,18,1009
Middle,Male,Own,Married,Far,113300,1,High,18,5151
Middle,Male,Own,Married,Close,102400,1,High,18,1237
Middle,Male,Own,Married,Far,77800,1,High,18,1813
Middle,Male,Rent,Married,Close,81800,1,High,18,1838
Middle,Male,Own,Married,Far,102700,1,High,18,3785
Middle,Male,Own,Married,Close,88700,1,NEW,18,2448
Middle,Male,Rent,Single,Close,34200,1,Low,18,523
Middle,Male,Own,Married,Close,82100,1,High,18,1308
Middle,Male,Own,Single,Far,50100,1,High,18,1071
Middle,Male,Rent,Single,Close,38600,1,Low,18,542
Young,Female,Rent,Single,Far,19800,1,Low,24,991
Young,Female,Rent,Married,Far,33200,1,NEW,24,1639
Young,Female,Rent,Single,Close,19300,1,Low,24,308
Young,Female,Rent,Single,Far,12800,1,NEW,24,365
Young,Female,Own,Single,Far,32000,1,NEW,24,1320
Young,Female,Rent,Single,Far,32400,1,Medium,24,920
Young,Female,Rent,Single,Close,27000,1,NEW,24,1012
Young,Female,Rent,Single,Far,27600,1,Medium,24,893
Young,Male,Rent,Married,Far,20200,1,Low,24,500
Young,Male,Rent,Single,Close,14200,1,NEW,24,400
Young,Male,Rent,Married,Close,53600,1,Medium,24,973
Young,Male,Rent,Single,Close,23200,1,Low,24,504
Middle,Female,Rent,Single,Close,46500,1,Medium,24,829
Middle,Female,Own,Married,Close,44100,1,Medium,24,704
Middle,Female,Own,Married,Close,109800,1,High,24,2258
Middle,Female,Own,Single,Close,35800,1,NEW,24,1355
Middle,Female,Rent,Married,Close,75200,1,NEW,24,2702
Middle,Female,Rent,Married,Far,120800,1,High,24,5830
Middle,Female,Own,Married,Close,105300,1,NEW,24,3360
Middle,Female,Own,Married,Close,100800,1,High,24,1789
Middle,Female,Rent,Married,Close,135700,1,High,24,2746
Middle,Female,Rent,Married,Close,114100,1,NEW,24,1976
Middle,Female,Own,Married,Close,83300,1,High,24,2574
Middle,Female,Own,Married,Far,84900,1,High,24,3072
Middle,Female,Rent,Single,Close,40400,1,Low,24,630
Middle,Female,Own,Single,Close,47900,1,Medium,24,662
Middle,Female,Own,Married,Far,101700,1,NEW,24,2551
Middle,Female,Rent,Married,Close,66500,1,NEW,24,1181
Middle,Female,Rent,Married,Close,93700,1,High,24,1521
Middle,Male,Own,Single,Close,55900,1,NEW,24,2555
Middle,Male,Rent,Married,Close,76200,1,NEW,24,2437
Middle,Male,Rent,Married,Far,84100,1,High,24,2362
Middle,Male,Own,Single,Close,52900,1,NEW,24,2316
Middle,Male,Own,Married,Close,100000,1,High,24,2247
Middle,Male,Own,Married,Far,103900,1,High,24,2666
Middle,Male,Own,Married,Close,96300,1,High,24,1909
Middle,Male,Own,Married,Far,103700,1,High,24,2339
Middle,Male,Rent,Single,Close,63800,1,Medium,24,1622
Middle,Male,Own,Single,Close,49900,1,NEW,24,1631
Middle,Male,Own,Married,Close,107400,1,High,24,1821
Middle,Male,Rent,Married,Close,96400,1,High,24,1822
Middle,Male,Own,Married,Far,79700,1,High,24,3384
Middle,Male,Own,Married,Far,100100,1,High,24,3491
Middle,Male,Own,Single,Close,48800,1,Medium,24,1271
Middle,Male,Own,Married,Close,76700,1,Medium,24,1431
Middle,Male,Rent,Married,Close,93000,1,High,24,2644
Middle,Male,Own,Married,Far,61400,1,High,24,1575
Middle,Male,Rent,Married,Far,70500,1,NEW,24,2145
Middle,Male,Own,Married,Close,118500,1,High,24,3063
Middle,Male,Own,Married,Far,123000,1,High,24,5878
Middle,Male,Rent,Single,Far,36700,1,Medium,24,1218
Middle,Male,Own,Single,Far,68700,1,NEW,24,1699
Middle,Male,Own,Married,Close,92300,1,NEW,24,2141
Middle,Male,Own,Married,Close,102500,1,High,24,2464
Old,Female,Rent,Single,Close,14600,1,Low,24,385
Old,Male,Own,Married,Close,116100,1,High,24,2975
Young,Female,Rent,Single,Close,13300,1,NEW,6,236
Young,Female,Rent,Single,Far,14400,1,Low,6,390
Young,Female,Rent,Single,Close,13700,1,NEW,6,163
Young,Female,Rent,Single,Close,12100,1,Low,6,90
Young,Female,Rent,Single,Close,31300,1,Low,6,357
Young,Female,Rent,Married,Close,54200,1,Medium,6,486
Young,Female,Rent,Single,Far,12900,1,Low,6,167
Young,Female,Own,Single,Close,33400,1,NEW,6,617
Young,Female,Rent,Single,Close,14600,1,Low,6,143
Young,Female,Rent,Married,Close,41700,1,NEW,6,521
Young,Female,Rent,Single,Far,18400,1,Low,6,319
Young,Female,Rent,Single,Close,15500,1,Low,6,210
Young,Female,Rent,Single,Close,12900,1,Low,6,107
Young,Female,Rent,Single,Close,13600,1,Low,6,183
Young,Female,Rent,Single,Close,14800,1,Low,6,209
Young,Female,Rent,Single,Far,21100,1,Low,6,470
Young,Female,Rent,Married,Close,73600,1,Medium,6,647
Young,Female,Rent,Single,Close,17800,1,Low,6,216
Young,Female,Rent,Single,Close,18900,1,Low,6,184
Young,Female,Rent,Single,Close,25100,1,NEW,6,421
Young,Female,Rent,Single,Close,11900,1,Low,6,143
Young,Female,Own,Single,Close,44700,1,Medium,6,502
Young,Female,Rent,Single,Close,14500,1,Low,6,183
Young,Female,Own,Single,Close,15600,1,Low,6,136
Young,Female,Own,Single,Close,24400,1,Low,6,220
Young,Female,Own,Married,Far,55900,1,NEW,6,788
Young,Female,Rent,Single,Far,18400,1,Low,6,303
Young,Female,Rent,Married,Close,25900,1,Low,6,242
Young,Female,Rent,Single,Close,16900,1,Low,6,247
Young,Female,Rent,Single,Close,12500,1,Low,6,202
Young,Female,Rent,Single,Far,14500,1,Low,6,222
Young,Female,Rent,Single,Close,13300,1,Low,6,184
Young,Male,Rent,Married,Far,60300,1,NEW,6,1252
Young,Male,Rent,Married,Close,37200,1,Low,6,247
Young,Male,Rent,Single,Close,26100,1,NEW,6,494
Young,Male,Rent,Married,Close,27400,1,Low,6,278
Middle,Female,Rent,Single,Close,28200,1,Low,6,224
Middle,Female,Rent,Married,Close,73000,1,Medium,6,490
Middle,Female,Own,Married,Close,126300,1,High,6,1888
Middle,Female,Rent,Single,Close,58600,1,Medium,6,624
Middle,Female,Rent,Married,Far,92400,1,NEW,6,2191
Middle,Female,Rent,Single,Far,44800,1,Medium,6,666
Middle,Female,Rent,Single,Close,36900,1,Low,6,371
Middle,Female,Own,Single,Close,36700,1,NEW,6,529
Middle,Female,Own,Married,Close,68200,1,NEW,6,818
Middle,Female,Own,Married,Close,90500,1,High,6,1116
Middle,Female,Own,Married,Close,105500,1,High,6,1781
Middle,Female,Own,Married,Close,74700,1,Medium,6,704
Middle,Female,Own,Married,Close,59900,1,NEW,6,613
Middle,Female,Own,Single,Close,67800,1,Medium,6,680
Middle,Female,Rent,Single,Close,33200,1,NEW,6,320
Middle,Female,Own,Single,Far,25300,1,NEW,6,451
Middle,Female,Own,Married,Close,59100,1,NEW,6,1426
Middle,Male,Own,Single,Close,57600,1,NEW,6,1006
Middle,Male,Own,Married,Close,101700,1,NEW,6,941
Middle,Male,Rent,Single,Close,39500,1,NEW,6,412
Middle,Male,Rent,Single,Close,60400,1,Medium,6,791
Middle,Male,Own,Married,Close,97400,1,High,6,880
Middle,Male,Rent,Single,Far,42500,1,NEW,6,798
Middle,Male,Rent,Married,Far,64000,1,NEW,6,1552
Middle,Male,Rent,Single,Far,55800,1,NEW,6,821
Middle,Male,Own,Married,Close,99600,1,High,6,871
Middle,Male,Rent,Single,Close,35100,1,Low,6,421
Middle,Male,Own,Married,Close,54200,1,Medium,6,757
Middle,Male,Rent,Married,Close,92900,1,NEW,6,1705
Middle,Male,Rent,Single,Close,53900,1,Medium,6,735
Middle,Male,Rent,Single,Far,50000,1,NEW,6,1079
Middle,Male,Own,Married,Far,79200,1,High,6,1905
Middle,Male,Own,Married,Far,70000,1,NEW,6,1227
Old,Female,Own,Single,Far,24000,1,Low,6,357
Old,Female,Rent,Married,Close,23600,1,Low,6,161
Old,Female,Own,Married,Close,10100,1,Low,6,93
Old,Female,Rent,Single,Close,37000,1,NEW,6,632
Young,Female,Own,Single,Close,25900,2,NEW,12,449
Young,Female,Rent,Single,Close,10600,2,Low,12,114
Young,Female,Rent,Single,Close,16700,2,Low,12,108
Young,Female,Rent,Single,Close,15000,2,NEW,12,341
Young,Female,Rent,Single,Far,23100,2,Low,12,457
Young,Female,Own,Single,Close,21600,2,NEW,12,491
Young,Female,Rent,Single,Far,18200,2,Low,12,322
Young,Female,Rent,Single,Close,20300,2,Low,12,180
Young,Female,Rent,Single,Far,13500,2,Low,12,160
Young,Female,Own,Single,Far,33200,2,Medium,12,607
Young,Male,Rent,Single,Close,15800,2,Low,12,147
Young,Male,Rent,Single,Close,19800,2,Low,12,209
Young,Male,Rent,Single,Close,10200,2,NEW,12,333
Young,Male,Rent,Married,Close,56900,2,Low,12,687
Middle,Female,Own,Married,Close,107600,2,Medium,12,1512
Middle,Female,Own,Married,Close,68500,2,NEW,12,1500
Middle,Female,Own,Single,Close,51900,2,NEW,12,1162
Middle,Female,Own,Single,Close,46100,2,Low,12,418
Middle,Female,Rent,Married,Close,66900,2,Medium,12,769
Middle,Female,Own,Single,Close,48700,2,Low,12,528
Middle,Female,Rent,Single,Far,37800,2,NEW,12,1185
Middle,Female,Rent,Single,Close,53700,2,NEW,12,1194
Middle,Female,Own,Single,Far,52600,2,Medium,12,1307
Middle,Female,Rent,Married,Close,82300,2,Medium,12,580
Middle,Female,Rent,Married,Close,66300,2,Medium,12,544
Middle,Female,Rent,Single,Far,49500,2,Medium,12,1195
Middle,Female,Rent,Married,Close,96700,2,Medium,12,1231
Middle,Male,Own,Single,Close,45900,2,Low,12,416
Middle,Male,Own,Married,Close,70400,2,NEW,12,1127
Middle,Male,Own,Married,Close,109900,2,Medium,12,870
Middle,Male,Own,Single,Close,62700,2,Medium,12,704
Middle,Male,Rent,Married,Far,48800,2,NEW,12,1647
Middle,Male,Own,Married,Close,117500,2,Medium,12,927
Middle,Male,Own,Married,Close,97600,2,Medium,12,1162
Middle,Male,Rent,Married,Close,108300,2,NEW,12,2224
Middle,Male,Own,Married,Close,64800,2,Medium,12,574
Middle,Male,Own,Married,Close,74500,2,Medium,12,824
Middle,Male,Own,Married,Close,95100,2,Medium,12,809
Middle,Male,Rent,Married,Far,52800,2,Medium,12,926
Middle,Male,Own,Married,Far,118400,2,NEW,12,3941
Old,Female,Own,Married,Far,33600,2,Medium,12,805
Old,Female,Own,Married,Far,12600,2,Low,12,164
Young,Female,Rent,Single,Close,11000,2,NEW,18,393
Young,Female,Rent,Single,Close,22200,2,Low,18,275
Young,Female,Rent,Single,Close,22100,2,Low,18,280
Young,Female,Rent,Married,Close,40900,2,Low,18,576
Young,Female,Rent,Single,Close,17600,2,Low,18,163
Young,Female,Own,Single,Close,27200,2,Low,18,446
Young,Female,Rent,Single,Close,18800,2,Low,18,170
Young,Female,Rent,Single,Far,10200,2,Low,18,213
Young,Female,Rent,Single,Far,25600,2,NEW,18,426
Young,Female,Rent,Single,Close,14200,2,Low,18,197
Middle,Female,Own,Married,Close,85500,2,Medium,18,895
Middle,Female,Own,Single,Close,46600,2,NEW,18,1153
Middle,Female,Own,Married,Close,49700,2,Low,18,613
Middle,Female,Rent,Single,Close,36400,2,Low,18,506
Middle,Female,Rent,Married,Close,40500,2,Low,18,622
Middle,Female,Own,Single,Close,52700,2,Low,18,855
Middle,Female,Own,Single,Far,34600,2,Medium,18,748
Middle,Female,Own,Married,Close,82400,2,Medium,18,657
Middle,Female,Own,Married,Close,72200,2,Medium,18,715
Middle,Female,Own,Married,Far,102800,2,High,18,2238
Middle,Male,Own,Married,Close,107300,2,Medium,18,1566
Middle,Male,Own,Single,Close,56700,2,Low,18,536
Middle,Male,Own,Married,Far,96800,2,High,18,2299
Middle,Male,Rent,Single,Close,59100,2,Low,18,580
Middle,Male,Rent,Married,Close,65800,2,Medium,18,578
Middle,Male,Own,Single,Far,48100,2,Medium,18,961
Middle,Male,Rent,Married,Close,87400,2,NEW,18,2729
Middle,Male,Own,Single,Close,68900,2,NEW,18,2784
Middle,Male,Own,Married,Close,96300,2,NEW,18,3916
Middle,Male,Rent,Married,Close,74600,2,Medium,18,705
Middle,Male,Rent,Married,Far,87100,2,High,18,1688
Middle,Male,Own,Single,Far,80800,2,High,18,2444
Middle,Male,Own,Married,Far,84300,2,High,18,1648
Middle,Male,Own,Single,Far,59600,2,Medium,18,1217
Middle,Male,Own,Married,Close,123800,2,NEW,18,3537
Middle,Male,Own,Married,Close,76400,2,Medium,18,881
Middle,Male,Own,Married,Close,126500,2,High,18,2000
Middle,Male,Own,Married,Close,79000,2,Medium,18,671
Middle,Male,Own,Married,Close,113000,2,Medium,18,1554
Middle,Male,Own,Married,Far,113600,2,High,18,3237
Old,Male,Own,Single,Close,40200,2,NEW,18,1197
Young,Female,Rent,Single,Far,13700,2,NEW,24,414
Young,Female,Rent,Single,Close,26600,2,Low,24,245
Young,Female,Rent,Single,Close,10600,2,NEW,24,517
Young,Female,Rent,Single,Far,23200,2,NEW,24,788
Young,Female,Own,Single,Far,21900,2,Low,24,486
Young,Female,Rent,Married,Close,37100,2,Low,24,653
Young,Female,Own,Single,Close,27100,2,Low,24,437
Young,Male,Rent,Single,Far,20300,2,Low,24,450
Middle,Female,Own,Married,Close,63300,2,Medium,24,679
Middle,Female,Own,Single,Far,64100,2,High,24,1595
Middle,Female,Own,Married,Close,93400,2,NEW,24,3079
Middle,Female,Own,Married,Close,65400,2,Medium,24,938
Middle,Female,Rent,Single,Close,32100,2,Low,24,405
Middle,Female,Rent,Married,Close,84200,2,Medium,24,954
Middle,Female,Own,Single,Close,36900,2,Low,24,514
Middle,Male,Rent,Married,Far,64600,2,NEW,24,2935
Middle,Male,Own,Married,Close,107300,2,Medium,24,1194
Middle,Male,Own,Single,Close,61500,2,Medium,24,968
Middle,Male,Rent,Married,Close,63500,2,NEW,24,2321
Middle,Male,Own,Married,Far,82400,2,High,24,2035
Middle,Male,Rent,Married,Close,88500,2,Medium,24,1104
Middle,Male,Own,Married,Close,88100,2,Medium,24,1078
Middle,Male,Own,Married,Close,119800,2,Medium,24,2090
Middle,Male,Rent,Married,Far,83500,2,High,24,2098
Middle,Male,Own,Single,Far,61300,2,High,24,1241
Middle,Male,Own,Married,Far,88700,2,High,24,2693
Old,Male,Own,Married,Far,76900,2,High,24,3230
Young,Female,Rent,Single,Far,23100,2,Low,6,466
Young,Female,Rent,Single,Close,11400,2,NEW,6,186
Young,Female,Rent,Married,Close,69700,2,Medium,6,584
Young,Female,Rent,Single,Far,19700,2,Low,6,330
Young,Female,Rent,Single,Close,24000,2,NEW,6,362
Young,Female,Rent,Single,Close,16900,2,NEW,6,281
Young,Female,Rent,Married,Close,25500,2,Low,6,139
Young,Female,Rent,Single,Far,14300,2,Low,6,194
Young,Female,Rent,Single,Close,21700,2,NEW,6,387
Young,Male,Rent,Single,Far,21900,2,NEW,6,192
Middle,Female,Own,Married,Close,76700,2,Medium,6,534
Middle,Female,Own,Single,Close,43900,2,Low,6,358
Middle,Female,Own,Single,Close,49100,2,Low,6,474
Middle,Female,Own,Single,Close,27000,2,Low,6,183
Middle,Female,Rent,Single,Close,25700,2,Low,6,173
Middle,Female,Own,Single,Close,35200,2,Low,6,233
Middle,Female,Rent,Married,Close,81400,2,NEW,6,1014
Middle,Female,Rent,Married,Close,91000,2,Medium,6,708
Middle,Female,Rent,Married,Close,60500,2,Low,6,409
Middle,Female,Rent,Single,Close,32700,2,Low,6,273
Middle,Male,Own,Married,Close,83600,2,Medium,6,538
Middle,Male,Own,Married,Close,83100,2,Medium,6,586
Middle,Male,Rent,Single,Close,55100,2,NEW,6,826
Middle,Male,Own,Married,Close,63300,2,NEW,6,633
Middle,Male,Rent,Married,Close,106700,2,Medium,6,607
Middle,Male,Rent,Married,Close,88000,2,Medium,6,524
Middle,Male,Own,Married,Close,83000,2,Medium,6,726
Middle,Male,Rent,Single,Far,58600,2,NEW,6,989
Middle,Male,Own,Married,Close,64300,2,Medium,6,661
Middle,Male,Rent,Married,Close,38400,2,Low,6,188
Middle,Male,Own,Single,Close,44600,2,Low,6,236
Middle,Male,Own,Married,Close,100100,2,NEW,6,1597
Middle,Male,Own,Married,Close,77100,2,Medium,6,568
Middle,Male,Own,Married,Close,79600,2,NEW,6,1575
Old,Female,Own,Single,Far,40600,2,Medium,6,690
Old,Female,Own,Single,Close,12700,2,Low,6,65
Young,Female,Own,Single,Far,29600,3,NEW,12,774
Young,Female,Own,Single,Close,32600,3,Low,12,172
Young,Female,Rent,Single,Far,11400,3,NEW,12,312
Young,Female,Rent,Married,Close,60600,3,Low,12,307
Young,Female,Rent,Married,Close,71200,3,Low,12,392
Young,Female,Rent,Single,Close,12700,3,Low,12,87
Young,Female,Own,Single,Close,27500,3,NEW,12,571
Young,Female,Rent,Single,Close,12500,3,NEW,12,206
Young,Female,Own,Single,Close,27800,3,NEW,12,408
Young,Male,Rent,Single,Close,14800,3,NEW,12,436
Young,Male,Rent,Married,Close,55500,3,Low,12,216
Young,Male,Rent,Married,Close,34300,3,NEW,12,1297
Young,Male,Own,Single,Close,29600,3,NEW,12,583
Middle,Female,Own,Married,Close,102500,3,Low,12,548
Middle,Female,Rent,Single,Close,39700,3,Low,12,238
Middle,Female,Own,Married,Close,79900,3,Low,12,295
Middle,Female,Own,Married,Close,63700,3,Low,12,364
Middle,Female,Own,Married,Close,67900,3,Low,12,356
Middle,Female,Own,Married,Far,77600,3,Medium,12,858
Middle,Female,Own,Single,Close,53700,3,Low,12,235
Middle,Male,Own,Married,Close,95800,3,Low,12,678
Middle,Male,Own,Single,Close,64000,3,Low,12,410
Middle,Male,Own,Married,Close,96100,3,Low,12,316
Middle,Male,Rent,Married,Close,106100,3,Low,12,472
Middle,Male,Own,Single,Close,49200,3,Low,12,210
Middle,Male,Own,Married,Far,95800,3,NEW,12,2581
Middle,Male,Own,Married,Close,66500,3,Low,12,286
Middle,Male,Own,Married,Close,102700,3,NEW,12,1473
Middle,Male,Own,Married,Close,99200,3,NEW,12,2796
Middle,Male,Own,Married,Close,140700,3,Medium,12,1001
Middle,Male,Own,Married,Close,60500,3,Low,12,340
Middle,Male,Own,Single,Close,60200,3,NEW,12,1364
Middle,Male,Own,Married,Close,108200,3,Low,12,635
Old,Female,Own,Married,Close,118000,3,Low,12,581
Young,Female,Rent,Single,Far,12400,3,Low,18,205
Young,Male,Own,Single,Close,31500,3,Low,18,269
Young,Male,Rent,Single,Close,28400,3,Low,18,182
Middle,Female,Own,Married,Far,108100,3,High,18,2632
Middle,Female,Own,Married,Close,48900,3,NEW,18,915
Middle,Female,Rent,Single,Close,42000,3,Low,18,232
Middle,Female,Own,Single,Close,54400,3,Low,18,342
Middle,Female,Rent,Single,Far,35600,3,Low,18,865
Middle,Female,Own,Married,Close,92300,3,Low,18,655
Middle,Female,Rent,Single,Close,40700,3,Low,18,232
Middle,Male,Rent,Married,Far,72200,3,Medium,18,1811
Middle,Male,Own,Married,Far,120000,3,High,18,1926
Middle,Male,Own,Married,Far,113400,3,High,18,1790
Middle,Male,Rent,Married,Far,124800,3,High,18,2537
Middle,Male,Own,Single,Close,55500,3,Low,18,427
Middle,Male,Rent,Married,Far,72200,3,Medium,18,1042
Middle,Male,Own,Married,Far,111800,3,High,18,2065
Middle,Male,Own,Married,Close,82400,3,NEW,18,2122
Young,Female,Rent,Single,Far,21700,3,NEW,24,708
Young,Female,Rent,Single,Close,23200,3,NEW,24,770
Young,Male,Rent,Married,Close,41600,3,NEW,24,1634
Young,Male,Rent,Married,Far,41500,3,NEW,24,1314
Young,Male,Rent,Married,Far,53600,3,Medium,24,1560
Middle,Female,Own,Married,Close,81700,3,Low,24,879
Middle,Female,Rent,Married,Far,43300,3,Medium,24,716
Middle,Female,Rent,Single,Close,43300,3,Low,24,326
Middle,Female,Own,Single,Far,66800,3,NEW,24,2098
Middle,Female,Rent,Single,Far,31200,3,NEW,24,1087
Middle,Female,Own,Married,Close,76600,3,NEW,24,2904
Middle,Female,Rent,Married,Far,45400,3,Medium,24,1203
Middle,Female,Own,Married,Far,96800,3,NEW,24,3082
Middle,Female,Own,Single,Far,64400,3,Medium,24,1913
Middle,Female,Own,Married,Close,62200,3,NEW,24,2119
Middle,Female,Rent,Single,Close,27200,3,Low,24,243
Middle,Female,Rent,Married,Close,87700,3,NEW,24,2446
Middle,Female,Rent,Married,Far,61500,3,Medium,24,1162
Middle,Female,Rent,Single,Close,43000,3,Low,24,225
Middle,Female,Own,Married,Close,110400,3,Low,24,1093
Middle,Male,Own,Married,Far,90700,3,High,24,2265
Middle,Male,Own,Married,Far,100600,3,High,24,2838
Middle,Male,Own,Married,Close,84700,3,NEW,24,2705
Middle,Male,Own,Married,Far,108000,3,High,24,1849
Middle,Male,Rent,Single,Close,41800,3,Low,24,301
Middle,Male,Own,Married,Close,109200,3,Low,24,1102
Young,Female,Rent,Married,Close,42000,3,Low,6,105
Young,Female,Rent,Single,Close,23000,3,Low,6,79
Young,Female,Rent,Single,Close,10200,3,NEW,6,199
Young,Female,Rent,Single,Close,14600,3,Low,6,47
Young,Female,Rent,Single,Far,10800,3,Low,6,123
Young,Female,Rent,Single,Far,13800,3,Low,6,127
Young,Female,Own,Single,Far,21400,3,NEW,6,326
Young,Female,Rent,Single,Far,20000,3,Low,6,182
Young,Female,Rent,Single,Close,22600,3,NEW,6,521
Young,Female,Rent,Single,Close,25300,3,NEW,6,510
Young,Female,Rent,Single,Close,17900,3,Low,6,62
Young,Female,Rent,Single,Close,11500,3,NEW,6,157
Young,Female,Rent,Single,Close,29200,3,NEW,6,636
Young,Female,Rent,Single,Close,14100,3,NEW,6,153
Young,Male,Rent,Married,Far,63300,3,NEW,6,1408
Young,Male,Rent,Married,Close,80700,3,Low,6,202
Young,Male,Rent,Married,Far,67300,3,NEW,6,1212
Young,Male,Rent,Married,Close,64300,3,Low,6,239
Young,Male,Rent,Single,Close,13000,3,Low,6,43
Young,Male,Rent,Single,Close,14600,3,NEW,6,307
Young,Male,Rent,Single,Close,15000,3,Low,6,38
Middle,Female,Own,Married,Close,79400,3,Low,6,200
Middle,Female,Own,Married,Close,130700,3,NEW,6,2070
Middle,Female,Own,Single,Far,56000,3,Medium,6,530
Middle,Female,Rent,Married,Close,104900,3,Low,6,450
Middle,Female,Own,Single,Close,46600,3,Low,6,158
Middle,Female,Rent,Married,Close,97400,3,Low,6,213
Middle,Female,Own,Married,Close,51900,3,Low,6,158
Middle,Female,Own,Single,Far,62500,3,NEW,6,921
Middle,Female,Rent,Single,Close,41400,3,Low,6,223
Middle,Female,Own,Single,Close,46300,3,NEW,6,1138
Middle,Female,Rent,Single,Far,39000,3,Low,6,292
Middle,Female,Own,Married,Close,131500,3,NEW,6,2840
Middle,Female,Rent,Married,Close,72900,3,Low,6,252
Middle,Female,Own,Single,Close,53300,3,NEW,6,508
Middle,Female,Rent,Married,Close,88600,3,Low,6,212
Middle,Male,Rent,Single,Close,50700,3,Low,6,157
Middle,Male,Own,Single,Close,62800,3,NEW,6,707
Middle,Male,Own,Single,Close,65300,3,Low,6,193
Middle,Male,Own,Married,Far,65400,3,NEW,6,836
Middle,Male,Rent,Married,Close,105600,3,Low,6,304
Middle,Male,Own,Single,Close,56300,3,Low,6,321
Middle,Male,Own,Married,Far,93000,3,High,6,1046
Middle,Male,Own,Married,Close,84100,3,NEW,6,1352
Middle,Male,Own,Single,Close,50600,3,NEW,6,713
Middle,Male,Rent,Married,Close,62800,3,Low,6,177
Old,Female,Own,Single,Close,33000,3,NEW,6,700
